{
	"format_version": "1.12.0",
	"minecraft:geometry": [
		{
			"description": {
				"identifier": "geometry.grave",
				"texture_width": 64,
				"texture_height": 64,
				"visible_bounds_width": 2,
				"visible_bounds_height": 2.5,
				"visible_bounds_offset": [0, 0.75, 0]
			},
			"bones": [
				{
					"name": "block",
					"pivot": [0, 0, 0],
					"cubes": [
						{
							"origin": [-7, 0, -7],
							"size": [14, 1, 14],
							"uv": {
								"north": {"uv": [0, 30], "uv_size": [14, 1]},
								"east": {"uv": [30, 0], "uv_size": [14, 1]},
								"south": {"uv": [30, 1], "uv_size": [14, 1]},
								"west": {"uv": [30, 2], "uv_size": [14, 1]},
								"up": {"uv": [0, 16], "uv_size": [14, 14]},
								"down": {"uv": [16, 14], "uv_size": [14, -14]}
							}
						},
						{
							"origin": [-6, 1, 5],
							"size": [12, 12, 1],
							"uv": {
								"north": {"uv": [14, 16], "uv_size": [12, 12]},
								"east": {"uv": [26, 26], "uv_size": [2, 12]},
								"south": {"uv": [26, 14], "uv_size": [12, 12]},
								"west": {"uv": [14, 28], "uv_size": [2, 12]},
								"up": {"uv": [28, 26], "uv_size": [12, 2]},
								"down": {"uv": [28, 30], "uv_size": [12, -2]}
							}
						}
					]
				}
			]
		}
	]
}